[
  {
    "model": "airport.airplanetype",
    "pk": 1,
    "fields": {
      "name": "Antonov"
    }
  },
  {
    "model": "airport.airplanetype",
    "pk": 2,
    "fields": {
      "name": "Boeing"
    }
  },
  {
    "model": "airport.airplanetype",
    "pk": 3,
    "fields": {
      "name": "Comac"
    }
  },
  {
    "model": "airport.airplanetype",
    "pk": 4,
    "fields": {
      "name": "Lockheed Martin"
    }
  },
  {
    "model": "airport.airplanetype",
    "pk": 5,
    "fields": {
      "name": "Airbus"
    }
  },
  {
    "model": "airport.airplane",
    "pk": 1,
    "fields": {
      "name": "ARJ21",
      "rows": 25,
      "seats_in_row": 4,
      "airplane_type_id": 3
    }
  },
  {
    "model": "airport.airplane",
    "pk": 2,
    "fields": {
      "name": "C919",
      "rows": 35,
      "seats_in_row": 6,
      "airplane_type_id": 3
    }
  },
  {
    "model": "airport.airplane",
    "pk": 3,
    "fields": {
      "name": "C929",
      "rows": 35,
      "seats_in_row": 6,
      "airplane_type_id": 3
    }
  },
  {
    "model": "airport.airplane",
    "pk": 4,
    "fields": {
      "name": "C939",
      "rows": 35,
      "seats_in_row": 6,
      "airplane_type_id": 3
    }
  },
  {
    "model": "airport.airplane",
    "pk": 5,
    "fields": {
      "name": "737",
      "rows": 40,
      "seats_in_row": 6,
      "airplane_type_id": 2
    }
  },
  {
    "model": "airport.airplane",
    "pk": 6,
    "fields": {
      "name": "747",
      "rows": 60,
      "seats_in_row": 10,
      "airplane_type_id": 2
    }
  },
  {
    "model": "airport.airplane",
    "pk": 7,
    "fields": {
      "name": "757",
      "rows": 40,
      "seats_in_row": 6,
      "airplane_type_id": 2
    }
  },
  {
    "model": "airport.airplane",
    "pk": 8,
    "fields": {
      "name": "767",
      "rows": 40,
      "seats_in_row": 7,
      "airplane_type_id": 2
    }
  },
  {
    "model": "airport.airplane",
    "pk": 9,
    "fields": {
      "name": "777",
      "rows": 50,
      "seats_in_row": 9,
      "airplane_type_id": 2
    }
  },
  {
    "model": "airport.airplane",
    "pk": 10,
    "fields": {
      "name": "787",
      "rows": 40,
      "seats_in_row": 9,
      "airplane_type_id": 2
    }
  },
  {
    "model": "airport.airplane",
    "pk": 11,
    "fields": {
      "name": "An-140",
      "rows": 25,
      "seats_in_row": 4,
      "airplane_type_id": 1
    }
  },
  {
    "model": "airport.airplane",
    "pk": 12,
    "fields": {
      "name": "An-148",
      "rows": 30,
      "seats_in_row": 4,
      "airplane_type_id": 1
    }
  },
  {
    "model": "airport.airplane",
    "pk": 13,
    "fields": {
      "name": "An-158",
      "rows": 30,
      "seats_in_row": 4,
      "airplane_type_id": 1
    }
  },
  {
    "model": "airport.airplane",
    "pk": 14,
    "fields": {
      "name": "X-59 QueSST",
      "rows": 20,
      "seats_in_row": 4,
      "airplane_type_id": 4
    }
  },
  {
    "model": "airport.airport",
    "pk": 1,
    "fields": {
      "name": "Hartsfield-Jackson Atlanta International Airport",
      "closest_big_city": "Atlanta"
    }
  },
  {
    "model": "airport.airport",
    "pk": 2,
    "fields": {
      "name": "Lisbon Humberto Delgado Airport",
      "closest_big_city": "Lisbon"
    }
  },
  {
    "model": "airport.airport",
    "pk": 3,
    "fields": {
      "name": "Chicago O'Hare International Airport",
      "closest_big_city": "Chicago"
    }
  },
  {
    "model": "airport.airport",
    "pk": 4,
    "fields": {
      "name": "Dallas/Fort Worth International Airport",
      "closest_big_city": "Dallas"
    }
  },
  {
    "model": "airport.airport",
    "pk": 5,
    "fields": {
      "name": "Denver International Airport",
      "closest_big_city": "Denver"
    }
  },
  {
    "model": "airport.airport",
    "pk": 6,
    "fields": {
      "name": "John F. Kennedy International Airport",
      "closest_big_city": "New York"
    }
  },
  {
    "model": "airport.airport",
    "pk": 7,
    "fields": {
      "name": "San Francisco International Airport",
      "closest_big_city": "San Francisco"
    }
  },
  {
    "model": "airport.airport",
    "pk": 8,
    "fields": {
      "name": "Seattle-Tacoma International Airport",
      "closest_big_city": "Seattle"
    }
  },
  {
    "model": "airport.airport",
    "pk": 9,
    "fields": {
      "name": "McCarran International Airport",
      "closest_big_city": "Las Vegas"
    }
  },
  {
    "model": "airport.airport",
    "pk": 10,
    "fields": {
      "name": "Orlando International Airport",
      "closest_big_city": "Orlando"
    }
  },
  {
    "model": "airport.airport",
    "pk": 11,
    "fields": {
      "name": "Miami International Airport",
      "closest_big_city": "Miami"
    }
  },
  {
    "model": "airport.airport",
    "pk": 12,
    "fields": {
      "name": "Philadelphia International Airport",
      "closest_big_city": "Philadelphia"
    }
  },
  {
    "model": "airport.airport",
    "pk": 13,
    "fields": {
      "name": "Phoenix Sky Harbor International Airport",
      "closest_big_city": "Phoenix"
    }
  },
  {
    "model": "airport.airport",
    "pk": 14,
    "fields": {
      "name": "Houston George Bush Intercontinental Airport",
      "closest_big_city": "Houston"
    }
  },
  {
    "model": "airport.airport",
    "pk": 15,
    "fields": {
      "name": "Charlotte Douglas International Airport",
      "closest_big_city": "Charlotte"
    }
  },
  {
    "model": "airport.airport",
    "pk": 16,
    "fields": {
      "name": "Detroit Metropolitan Wayne County Airport",
      "closest_big_city": "Detroit"
    }
  },
  {
    "model": "airport.airport",
    "pk": 17,
    "fields": {
      "name": "Minneapolis-Saint Paul International Airport",
      "closest_big_city": "Minneapolis"
    }
  },
  {
    "model": "airport.airport",
    "pk": 18,
    "fields": {
      "name": "Baltimore/Washington International Thurgood Marshall Airport",
      "closest_big_city": "Baltimore"
    }
  },
  {
    "model": "airport.airport",
    "pk": 19,
    "fields": {
      "name": "San Diego International Airport",
      "closest_big_city": "San Diego"
    }
  },
  {
    "model": "airport.airport",
    "pk": 20,
    "fields": {
      "name": "Tampa International Airport",
      "closest_big_city": "Tampa"
    }
  },
  {
    "model": "airport.airport",
    "pk": 21,
    "fields": {
      "name": "St. Louis Lambert International Airport",
      "closest_big_city": "St. Louis"
    }
  },
  {
    "model": "airport.airport",
    "pk": 22,
    "fields": {
      "name": "John Glenn Columbus International Airport",
      "closest_big_city": "Columbus"
    }
  },
  {
    "model": "airport.airport",
    "pk": 23,
    "fields": {
      "name": "Portland International Airport",
      "closest_big_city": "Portland"
    }
  },
  {
    "model": "airport.airport",
    "pk": 24,
    "fields": {
      "name": "Sacramento International Airport",
      "closest_big_city": "Sacramento"
    }
  },
  {
    "model": "airport.airport",
    "pk": 25,
    "fields": {
      "name": "Charles de Gaulle Airport",
      "closest_big_city": "Paris"
    }
  },
  {
    "model": "airport.airport",
    "pk": 26,
    "fields": {
      "name": "Frankfurt Airport",
      "closest_big_city": "Frankfurt"
    }
  },
  {
    "model": "airport.airport",
    "pk": 27,
    "fields": {
      "name": "Boryspil International Airport",
      "closest_big_city": "Kyiv"
    }
  },
  {
    "model": "airport.airport",
    "pk": 28,
    "fields": {
      "name": "Munich Airport",
      "closest_big_city": "Munich"
    }
  },
  {
    "model": "airport.airport",
    "pk": 29,
    "fields": {
      "name": "Berlin Brandenburg Airport",
      "closest_big_city": "Berlin"
    }
  },
  {
    "model": "airport.airport",
    "pk": 30,
    "fields": {
      "name": "Lyon-Saint Exupéry Airport",
      "closest_big_city": "Lyon"
    }
  },
  {
    "model": "airport.airport",
    "pk": 31,
    "fields": {
      "name": "Nice Côte d'Azur Airport",
      "closest_big_city": "Nice"
    }
  },
  {
    "model": "airport.airport",
    "pk": 32,
    "fields": {
      "name": "Hamburg Airport",
      "closest_big_city": "Hamburg"
    }
  },
  {
    "model": "airport.airport",
    "pk": 33,
    "fields": {
      "name": "Düsseldorf Airport",
      "closest_big_city": "Düsseldorf"
    }
  },
  {
    "model": "airport.airport",
    "pk": 34,
    "fields": {
      "name": "Stuttgart Airport",
      "closest_big_city": "Stuttgart"
    }
  },
  {
    "model": "airport.airport",
    "pk": 35,
    "fields": {
      "name": "Kiev Boryspil International Airport",
      "closest_big_city": "Kyiv"
    }
  },
  {
    "model": "airport.airport",
    "pk": 36,
    "fields": {
      "name": "Lviv Danylo Halytskyi International Airport",
      "closest_big_city": "Lviv"
    }
  },
  {
    "model": "airport.airport",
    "pk": 37,
    "fields": {
      "name": "Odesa International Airport",
      "closest_big_city": "Odesa"
    }
  },
  {
    "model": "airport.airport",
    "pk": 38,
    "fields": {
      "name": "Kharkiv International Airport",
      "closest_big_city": "Kharkiv"
    }
  },
  {
    "model": "airport.airport",
    "pk": 39,
    "fields": {
      "name": "Zaporizhzhia International Airport",
      "closest_big_city": "Zaporizhzhia"
    }
  },
  {
    "model": "airport.airport",
    "pk": 40,
    "fields": {
      "name": "Bordeaux-Mérignac Airport",
      "closest_big_city": "Bordeaux"
    }
  },
  {
    "model": "airport.airport",
    "pk": 41,
    "fields": {
      "name": "Marseille Provence Airport",
      "closest_big_city": "Marseille"
    }
  },
  {
    "model": "airport.airport",
    "pk": 42,
    "fields": {
      "name": "Toulouse-Blagnac Airport",
      "closest_big_city": "Toulouse"
    }
  },
  {
    "model": "airport.airport",
    "pk": 43,
    "fields": {
      "name": "Nantes Atlantique Airport",
      "closest_big_city": "Nantes"
    }
  },
  {
    "model": "airport.airport",
    "pk": 44,
    "fields": {
      "name": "Catania-Fontanarossa Airport",
      "closest_big_city": "Catania"
    }
  },
  {
    "model": "airport.airport",
    "pk": 45,
    "fields": {
      "name": "Rome Fiumicino Airport",
      "closest_big_city": "Rome"
    }
  },
  {
    "model": "airport.airport",
    "pk": 46,
    "fields": {
      "name": "Venice Marco Polo Airport",
      "closest_big_city": "Venice"
    }
  },
  {
    "model": "airport.airport",
    "pk": 47,
    "fields": {
      "name": "Florence Airport",
      "closest_big_city": "Florence"
    }
  },
  {
    "model": "airport.airport",
    "pk": 48,
    "fields": {
      "name": "Palermo Airport",
      "closest_big_city": "Palermo"
    }
  },
  {
    "model": "airport.airport",
    "pk": 49,
    "fields": {
      "name": "Seattle-Tacoma International Airport",
      "closest_big_city": "Seattle"
    }
  },
  {
    "model": "airport.airport",
    "pk": 50,
    "fields": {
      "name": "Madrid-Barajas Adolfo Suárez Airport",
      "closest_big_city": "Madrid"
    }
  },
  {
    "model": "airport.airport",
    "pk": 51,
    "fields": {
      "name": "Barcelona-El Prat Airport",
      "closest_big_city": "Barcelona"
    }
  },
  {
    "model": "airport.airport",
    "pk": 52,
    "fields": {
      "name": "Zurich Airport",
      "closest_big_city": "Zurich"
    }
  },
  {
    "model": "airport.airport",
    "pk": 53,
    "fields": {
      "name": "Geneva Airport",
      "closest_big_city": "Geneva"
    }
  },
  {
    "model": "airport.airport",
    "pk": 54,
    "fields": {
      "name": "Vienna International Airport",
      "closest_big_city": "Vienna"
    }
  },
  {
    "model": "airport.airport",
    "pk": 55,
    "fields": {
      "name": "Brussels Airport",
      "closest_big_city": "Brussels"
    }
  },
  {
    "model": "airport.airport",
    "pk": 56,
    "fields": {
      "name": "Amsterdam Airport Schiphol",
      "closest_big_city": "Amsterdam"
    }
  },
  {
    "model": "airport.airport",
    "pk": 57,
    "fields": {
      "name": "Copenhagen Airport",
      "closest_big_city": "Copenhagen"
    }
  },
  {
    "model": "airport.airport",
    "pk": 58,
    "fields": {
      "name": "Oslo Gardermoen Airport",
      "closest_big_city": "Oslo"
    }
  },
  {
    "model": "airport.airport",
    "pk": 59,
    "fields": {
      "name": "Stockholm Arlanda Airport",
      "closest_big_city": "Stockholm"
    }
  },
  {
    "model": "airport.airport",
    "pk": 60,
    "fields": {
      "name": "Helsinki-Vantaa Airport",
      "closest_big_city": "Helsinki"
    }
  },
  {
    "model": "airport.airport",
    "pk": 61,
    "fields": {
      "name": "Dublin Airport",
      "closest_big_city": "Dublin"
    }
  },
  {
    "model": "airport.airport",
    "pk": 62,
    "fields": {
      "name": "Edinburgh Airport",
      "closest_big_city": "Edinburgh"
    }
  },
  {
    "model": "airport.airport",
    "pk": 63,
    "fields": {
      "name": "Birmingham Airport",
      "closest_big_city": "Birmingham"
    }
  },
  {
    "model": "airport.airport",
    "pk": 64,
    "fields": {
      "name": "Manchester Airport",
      "closest_big_city": "Manchester"
    }
  },
  {
    "model": "airport.airport",
    "pk": 65,
    "fields": {
      "name": "Glasgow International Airport",
      "closest_big_city": "Glasgow"
    }
  },
  {
    "model": "airport.airport",
    "pk": 66,
    "fields": {
      "name": "Belfast International Airport",
      "closest_big_city": "Belfast"
    }
  },
  {
    "model": "airport.airport",
    "pk": 67,
    "fields": {
      "name": "Malta International Airport",
      "closest_big_city": "Valletta"
    }
  },
  {
    "model": "airport.airport",
    "pk": 68,
    "fields": {
      "name": "Athens International Airport",
      "closest_big_city": "Athens"
    }
  },
  {
    "model": "airport.airport",
    "pk": 69,
    "fields": {
      "name": "Istanbul Airport",
      "closest_big_city": "Istanbul"
    }
  },
  {
    "model": "airport.airport",
    "pk": 70,
    "fields": {
      "name": "Dubai International Airport",
      "closest_big_city": "Dubai"
    }
  },
  {
    "model": "airport.airport",
    "pk": 71,
    "fields": {
      "name": "Abu Dhabi International Airport",
      "closest_big_city": "Abu Dhabi"
    }
  },
  {
    "model": "airport.airport",
    "pk": 72,
    "fields": {
      "name": "Doha Hamad International Airport",
      "closest_big_city": "Doha"
    }
  },
  {
    "model": "airport.airport",
    "pk": 73,
    "fields": {
      "name": "King Abdulaziz International Airport",
      "closest_big_city": "Jeddah"
    }
  },
  {
    "model": "airport.airport",
    "pk": 74,
    "fields": {
      "name": "Cairo International Airport",
      "closest_big_city": "Cairo"
    }
  },
  {
    "model": "airport.airport",
    "pk": 75,
    "fields": {
      "name": "Nairobi Jomo Kenyatta International Airport",
      "closest_big_city": "Nairobi"
    }
  },
  {
    "model": "airport.airport",
    "pk": 76,
    "fields": {
      "name": "Johannesburg O.R. Tambo International Airport",
      "closest_big_city": "Johannesburg"
    }
  },
  {
    "model": "airport.airport",
    "pk": 77,
    "fields": {
      "name": "Lagos Murtala Muhammed International Airport",
      "closest_big_city": "Lagos"
    }
  },
  {
    "model": "airport.airport",
    "pk": 78,
    "fields": {
      "name": "Accra Kotoka International Airport",
      "closest_big_city": "Accra"
    }
  },
  {
    "model": "airport.airport",
    "pk": 79,
    "fields": {
      "name": "Sao Paulo/Guarulhos–Governador André Franco Montoro International Airport",
      "closest_big_city": "Sao Paulo"
    }
  },
  {
    "model": "airport.airport",
    "pk": 80,
    "fields": {
      "name": "Buenos Aires Ministro Pistarini International Airport",
      "closest_big_city": "Buenos Aires"
    }
  },
  {
    "model": "airport.airport",
    "pk": 81,
    "fields": {
      "name": "Pittsburgh International Airport",
      "closest_big_city": "Pittsburgh"
    }
  },
  {
    "model": "airport.airport",
    "pk": 82,
    "fields": {
      "name": "Singapore Changi Airport",
      "closest_big_city": "Singapore"
    }
  },
  {
    "model": "airport.airport",
    "pk": 83,
    "fields": {
      "name": "Hong Kong International Airport",
      "closest_big_city": "Hong Kong"
    }
  },
  {
    "model": "airport.airport",
    "pk": 84,
    "fields": {
      "name": "Shanghai Pudong International Airport",
      "closest_big_city": "Shanghai"
    }
  },
  {
    "model": "airport.airport",
    "pk": 85,
    "fields": {
      "name": "Beijing Capital International Airport",
      "closest_big_city": "Beijing"
    }
  },
  {
    "model": "airport.airport",
    "pk": 86,
    "fields": {
      "name": "Kuala Lumpur International Airport",
      "closest_big_city": "Kuala Lumpur"
    }
  },
  {
    "model": "airport.airport",
    "pk": 87,
    "fields": {
      "name": "Bangkok Suvarnabhumi Airport",
      "closest_big_city": "Bangkok"
    }
  },
  {
    "model": "airport.airport",
    "pk": 88,
    "fields": {
      "name": "Mumbai Chhatrapati Shivaji Maharaj International Airport",
      "closest_big_city": "Mumbai"
    }
  },
  {
    "model": "airport.airport",
    "pk": 89,
    "fields": {
      "name": "Delhi Indira Gandhi International Airport",
      "closest_big_city": "Delhi"
    }
  },
  {
    "model": "airport.airport",
    "pk": 90,
    "fields": {
      "name": "Mexico City International Airport",
      "closest_big_city": "Mexico City"
    }
  },
  {
    "model": "airport.airport",
    "pk": 91,
    "fields": {
      "name": "Los Angeles International Airport",
      "closest_big_city": "Los Angeles"
    }
  },
  {
    "model": "airport.airport",
    "pk": 92,
    "fields": {
      "name": "Cincinnati/Northern Kentucky International Airport",
      "closest_big_city": "Cincinnati"
    }
  },
  {
    "model": "airport.airport",
    "pk": 93,
    "fields": {
      "name": "Narita International Airport",
      "closest_big_city": "Tokyo"
    }
  },
  {
    "model": "airport.airport",
    "pk": 94,
    "fields": {
      "name": "Doha Hamad International Airport",
      "closest_big_city": "Doha"
    }
  },
  {
    "model": "airport.airport",
    "pk": 95,
    "fields": {
      "name": "Casablanca Mohammed V International Airport",
      "closest_big_city": "Casablanca"
    }
  },
  {
    "model": "airport.airport",
    "pk": 96,
    "fields": {
      "name": "Riyadh King Khalid International Airport",
      "closest_big_city": "Riyadh"
    }
  },
  {
    "model": "airport.airport",
    "pk": 97,
    "fields": {
      "name": "Lima Jorge Chávez International Airport",
      "closest_big_city": "Lima"
    }
  },
  {
    "model": "airport.airport",
    "pk": 98,
    "fields": {
      "name": "Dhaka Hazrat Shahjalal International Airport",
      "closest_big_city": "Dhaka"
    }
  },
  {
    "model": "airport.airport",
    "pk": 99,
    "fields": {
      "name": "Tel Aviv Ben Gurion Airport",
      "closest_big_city": "Tel Aviv"
    }
  },
  {
    "model": "airport.airport",
    "pk": 100,
    "fields": {
      "name": "Abidjan Félix Houphouët-Boigny International Airport",
      "closest_big_city": "Abidjan"
    }
  },
  {
    "model": "airport.crew",
    "pk": 1,
    "fields": {
      "first_name": "John",
      "last_name": "Doe"
    }
  },
  {
    "model": "airport.crew",
    "pk": 2,
    "fields": {
      "first_name": "Jane",
      "last_name": "Smith"
    }
  },
  {
    "model": "airport.crew",
    "pk": 3,
    "fields": {
      "first_name": "Michael",
      "last_name": "Johnson"
    }
  },
  {
    "model": "airport.crew",
    "pk": 4,
    "fields": {
      "first_name": "Emily",
      "last_name": "Davis"
    }
  },
  {
    "model": "airport.crew",
    "pk": 5,
    "fields": {
      "first_name": "David",
      "last_name": "Wilson"
    }
  },
  {
    "model": "airport.crew",
    "pk": 6,
    "fields": {
      "first_name": "Sarah",
      "last_name": "Brown"
    }
  },
  {
    "model": "airport.crew",
    "pk": 7,
    "fields": {
      "first_name": "James",
      "last_name": "Jones"
    }
  },
  {
    "model": "airport.crew",
    "pk": 8,
    "fields": {
      "first_name": "Jessica",
      "last_name": "Garcia"
    }
  },
  {
    "model": "airport.crew",
    "pk": 9,
    "fields": {
      "first_name": "Daniel",
      "last_name": "Martinez"
    }
  },
  {
    "model": "airport.crew",
    "pk": 10,
    "fields": {
      "first_name": "Laura",
      "last_name": "Hernandez"
    }
  },
  {
    "model": "airport.crew",
    "pk": 11,
    "fields": {
      "first_name": "Matthew",
      "last_name": "Lopez"
    }
  },
  {
    "model": "airport.crew",
    "pk": 12,
    "fields": {
      "first_name": "Sophia",
      "last_name": "Gonzalez"
    }
  },
  {
    "model": "airport.crew",
    "pk": 13,
    "fields": {
      "first_name": "Christopher",
      "last_name": "Perez"
    }
  },
  {
    "model": "airport.crew",
    "pk": 14,
    "fields": {
      "first_name": "Mia",
      "last_name": "Wilson"
    }
  },
  {
    "model": "airport.route",
    "pk": 1,
    "fields": {
      "source_id": 1,
      "destination_id": 2,
      "distance": 770
    }
  },
  {
    "model": "airport.route",
    "pk": 2,
    "fields": {
      "source_id": 3,
      "destination_id": 4,
      "distance": 800
    }
  },
  {
    "model": "airport.route",
    "pk": 3,
    "fields": {
      "source_id": 5,
      "destination_id": 6,
      "distance": 2700
    }
  },
  {
    "model": "airport.route",
    "pk": 4,
    "fields": {
      "source_id": 7,
      "destination_id": 8,
      "distance": 1350
    }
  },
  {
    "model": "airport.route",
    "pk": 5,
    "fields": {
      "source_id": 9,
      "destination_id": 10,
      "distance": 560
    }
  },
  {
    "model": "airport.route",
    "pk": 6,
    "fields": {
      "source_id": 11,
      "destination_id": 12,
      "distance": 1100
    }
  },
  {
    "model": "airport.route",
    "pk": 7,
    "fields": {
      "source_id": 13,
      "destination_id": 14,
      "distance": 3700
    }
  },
  {
    "model": "airport.route",
    "pk": 8,
    "fields": {
      "source_id": 15,
      "destination_id": 16,
      "distance": 140
    }
  },
  {
    "model": "airport.route",
    "pk": 9,
    "fields": {
      "source_id": 17,
      "destination_id": 18,
      "distance": 320
    }
  },
  {
    "model": "airport.route",
    "pk": 10,
    "fields": {
      "source_id": 19,
      "destination_id": 20,
      "distance": 1200
    }
  },
  {
    "model": "airport.route",
    "pk": 11,
    "fields": {
      "source_id": 21,
      "destination_id": 22,
      "distance": 450
    }
  },
  {
    "model": "airport.route",
    "pk": 12,
    "fields": {
      "source_id": 23,
      "destination_id": 24,
      "distance": 600
    }
  },
  {
    "model": "airport.route",
    "pk": 13,
    "fields": {
      "source_id": 25,
      "destination_id": 26,
      "distance": 800
    }
  },
  {
    "model": "airport.route",
    "pk": 14,
    "fields": {
      "source_id": 27,
      "destination_id": 28,
      "distance": 900
    }
  },
  {
    "model": "airport.flight",
    "pk": 1,
    "fields": {
      "route_id": 1,
      "airplane_id": 1,
      "departure_time": "2025-03-01T10:00:00Z",
      "arrival_time": "2025-03-01T12:00:00Z",
      "crew": [
        1
      ]
    }
  },
  {
    "model": "airport.flight",
    "pk": 2,
    "fields": {
      "route_id": 2,
      "airplane_id": 2,
      "departure_time": "2025-03-01T13:00:00Z",
      "arrival_time": "2025-03-01T15:00:00Z",
      "crew": [
        2
      ]
    }
  },
  {
    "model": "airport.flight",
    "pk": 3,
    "fields": {
      "route_id": 3,
      "airplane_id": 3,
      "departure_time": "2025-03-02T09:00:00Z",
      "arrival_time": "2025-03-02T11:00:00Z",
      "crew": [
        3
      ]
    }
  },
  {
    "model": "airport.flight",
    "pk": 4,
    "fields": {
      "route_id": 4,
      "airplane_id": 4,
      "departure_time": "2025-03-02T14:00:00Z",
      "arrival_time": "2025-03-02T16:00:00Z",
      "crew": [
        4
      ]
    }
  },
  {
    "model": "airport.flight",
    "pk": 5,
    "fields": {
      "route_id": 5,
      "airplane_id": 5,
      "departure_time": "2025-03-03T08:00:00Z",
      "arrival_time": "2025-03-03T09:30:00Z",
      "crew": [
        5
      ]
    }
  },
  {
    "model": "airport.flight",
    "pk": 6,
    "fields": {
      "route_id": 6,
      "airplane_id": 6,
      "departure_time": "2025-03-03T10:30:00Z",
      "arrival_time": "2025-03-03T12:00:00Z",
      "crew": [
        6
      ]
    }
  },
  {
    "model": "airport.flight",
    "pk": 7,
    "fields": {
      "route_id": 7,
      "airplane_id": 7,
      "departure_time": "2025-03-04T12:00:00Z",
      "arrival_time": "2025-03-04T15:00:00Z",
      "crew": [
        7
      ]
    }
  },
  {
    "model": "airport.flight",
    "pk": 8,
    "fields": {
      "route_id": 8,
      "airplane_id": 8,
      "departure_time": "2025-03-04T16:30:00Z",
      "arrival_time": "2025-03-04T18:30:00Z",
      "crew": [
        8
      ]
    }
  },
  {
    "model": "airport.flight",
    "pk": 9,
    "fields": {
      "route_id": 9,
      "airplane_id": 9,
      "departure_time": "2025-03-05T09:15:00Z",
      "arrival_time": "2025-03-05T11:00:00Z",
      "crew": [
        9
      ]
    }
  },
  {
    "model": "airport.flight",
    "pk": 10,
    "fields": {
      "route_id": 10,
      "airplane_id": 10,
      "departure_time": "2025-03-06T12:00:00Z",
      "arrival_time": "2025-03-06T14:00:00Z",
      "crew": [
        10
      ]
    }
  },
  {
    "model": "airport.flight",
    "pk": 11,
    "fields": {
      "route_id": 11,
      "airplane_id": 11,
      "departure_time": "2025-03-06T15:00:00Z",
      "arrival_time": "2025-03-06T17:00:00Z",
      "crew": [
        11
      ]
    }
  },
  {
    "model": "airport.flight",
    "pk": 12,
    "fields": {
      "route_id": 12,
      "airplane_id": 12,
      "departure_time": "2025-03-07T08:30:00Z",
      "arrival_time": "2025-03-07T10:30:00Z",
      "crew": [
        12
      ]
    }
  },
  {
    "model": "airport.flight",
    "pk": 13,
    "fields": {
      "route_id": 13,
      "airplane_id": 13,
      "departure_time": "2025-03-08T11:00:00Z",
      "arrival_time": "2025-03-08T13:00:00Z",
      "crew": [
        13
      ]
    }
  },
  {
    "model": "airport.flight",
    "pk": 14,
    "fields": {
      "route_id": 14,
      "airplane_id": 14,
      "departure_time": "2025-03-08T14:30:00Z",
      "arrival_time": "2025-03-08T16:00:00Z",
      "crew": [
        14
      ]
    }
  },
  {
    "model": "airport.order",
    "pk": 1,
    "fields": {
      "created_at": "2025-01-26T11:56:11.734909+00:00",
      "user_id": 1
    }
  },
  {
    "model": "airport.order",
    "pk": 2,
    "fields": {
      "created_at": "2025-01-26T12:15:39.745947+00:00",
      "user_id": 1
    }
  },
  {
    "model": "airport.order",
    "pk": 3,
    "fields": {
      "created_at": "2025-01-26T12:16:05.161822+00:00",
      "user_id": 1
    }
  },
  {
    "model": "airport.order",
    "pk": 5,
    "fields": {
      "created_at": "2025-01-26T12:19:19.313950+00:00",
      "user_id": 1
    }
  },
  {
    "model": "airport.order",
    "pk": 6,
    "fields": {
      "created_at": "2025-01-26T12:20:23.441665+00:00",
      "user_id": 1
    }
  },
  {
    "model": "airport.order",
    "pk": 7,
    "fields": {
      "created_at": "2025-01-26T12:20:46.894550+00:00",
      "user_id": 1
    }
  },
  {
    "model": "airport.order",
    "pk": 8,
    "fields": {
      "created_at": "2025-01-26T12:21:04.910124+00:00",
      "user_id": 1
    }
  },
  {
    "model": "airport.order",
    "pk": 9,
    "fields": {
      "created_at": "2025-01-26T12:21:19.726841+00:00",
      "user_id": 1
    }
  },
  {
    "model": "airport.order",
    "pk": 10,
    "fields": {
      "created_at": "2025-01-26T12:22:10.460182+00:00",
      "user_id": 1
    }
  },
  {
    "model": "airport.order",
    "pk": 11,
    "fields": {
      "created_at": "2025-01-28T11:39:10.132767+00:00",
      "user_id": 1
    }
  },
  {
    "model": "airport.order",
    "pk": 12,
    "fields": {
      "created_at": "2025-01-28T11:40:25.279388+00:00",
      "user_id": 1
    }
  },
  {
    "model": "airport.order",
    "pk": 13,
    "fields": {
      "created_at": "2025-01-28T12:23:41.854652+00:00",
      "user_id": 1
    }
  },
  {
    "model": "airport.order",
    "pk": 14,
    "fields": {
      "created_at": "2025-01-29T17:43:14.091365+00:00",
      "user_id": 1
    }
  },
  {
    "model": "airport.ticket",
    "pk": 1,
    "fields": {
      "row": 1,
      "seat": 1,
      "flight_id": 11,
      "order_id": 1
    }
  },
  {
    "model": "airport.ticket",
    "pk": 2,
    "fields": {
      "row": 15,
      "seat": 2,
      "flight_id": 14,
      "order_id": 2
    }
  },
  {
    "model": "airport.ticket",
    "pk": 3,
    "fields": {
      "row": 15,
      "seat": 1,
      "flight_id": 14,
      "order_id": 2
    }
  },
  {
    "model": "airport.ticket",
    "pk": 4,
    "fields": {
      "row": 15,
      "seat": 3,
      "flight_id": 14,
      "order_id": 2
    }
  },
  {
    "model": "airport.ticket",
    "pk": 5,
    "fields": {
      "row": 2,
      "seat": 2,
      "flight_id": 11,
      "order_id": 3
    }
  },
  {
    "model": "airport.ticket",
    "pk": 6,
    "fields": {
      "row": 2,
      "seat": 1,
      "flight_id": 4,
      "order_id": 3
    }
  },
  {
    "model": "airport.ticket",
    "pk": 8,
    "fields": {
      "row": 9,
      "seat": 1,
      "flight_id": 13,
      "order_id": 5
    }
  },
  {
    "model": "airport.ticket",
    "pk": 9,
    "fields": {
      "row": 10,
      "seat": 4,
      "flight_id": 6,
      "order_id": 5
    }
  },
  {
    "model": "airport.ticket",
    "pk": 10,
    "fields": {
      "row": 8,
      "seat": 3,
      "flight_id": 1,
      "order_id": 6
    }
  },
  {
    "model": "airport.ticket",
    "pk": 11,
    "fields": {
      "row": 3,
      "seat": 3,
      "flight_id": 12,
      "order_id": 6
    }
  },
  {
    "model": "airport.ticket",
    "pk": 12,
    "fields": {
      "row": 3,
      "seat": 4,
      "flight_id": 12,
      "order_id": 7
    }
  },
  {
    "model": "airport.ticket",
    "pk": 13,
    "fields": {
      "row": 19,
      "seat": 3,
      "flight_id": 11,
      "order_id": 8
    }
  },
  {
    "model": "airport.ticket",
    "pk": 14,
    "fields": {
      "row": 14,
      "seat": 4,
      "flight_id": 5,
      "order_id": 9
    }
  },
  {
    "model": "airport.ticket",
    "pk": 15,
    "fields": {
      "row": 19,
      "seat": 4,
      "flight_id": 9,
      "order_id": 10
    }
  },
  {
    "model": "airport.ticket",
    "pk": 16,
    "fields": {
      "row": 19,
      "seat": 3,
      "flight_id": 9,
      "order_id": 10
    }
  },
  {
    "model": "airport.ticket",
    "pk": 17,
    "fields": {
      "row": 12,
      "seat": 2,
      "flight_id": 13,
      "order_id": 11
    }
  },
  {
    "model": "airport.ticket",
    "pk": 18,
    "fields": {
      "row": 12,
      "seat": 3,
      "flight_id": 13,
      "order_id": 12
    }
  },
  {
    "model": "airport.ticket",
    "pk": 19,
    "fields": {
      "row": 12,
      "seat": 4,
      "flight_id": 13,
      "order_id": 12
    }
  },
  {
    "model": "airport.ticket",
    "pk": 20,
    "fields": {
      "row": 10,
      "seat": 1,
      "flight_id": 14,
      "order_id": 13
    }
  },
  {
    "model": "airport.ticket",
    "pk": 21,
    "fields": {
      "row": 13,
      "seat": 1,
      "flight_id": 13,
      "order_id": 13
    }
  }
]